<?xml version="1.0" encoding="utf-8"?><?xml-stylesheet type="text/xml" href="https://lavkumarv.github.io//feed.xslt.xml"?><feed xmlns="http://www.w3.org/2005/Atom"><generator uri="http://jekyllrb.com" version="3.3.1">Jekyll</generator><link href="https://lavkumarv.github.io//feed.xml" rel="self" type="application/atom+xml" /><link href="https://lavkumarv.github.io//" rel="alternate" type="text/html" /><updated>2017-01-25T00:42:41+05:30</updated><id>https://lavkumarv.github.io///</id><subtitle>This is personal blog.</subtitle><entry><title type="html">Sample post to check the functionality</title><link href="https://lavkumarv.github.io//blog/2017/01/24/example-post.html" rel="alternate" type="text/html" title="Sample post to check the functionality" /><published>2017-01-24T17:41:34+05:30</published><updated>2017-01-24T17:41:34+05:30</updated><id>https://lavkumarv.github.io//blog/2017/01/24/example-post</id><content type="html" xml:base="https://lavkumarv.github.io//blog/2017/01/24/example-post.html">&lt;p&gt;Lorem ipsum dolor sit amet, consectetur adipisicing elit. Expedita maiores quisquam id sunt, a architecto molestias velit, distinctio quidem non, nostrum provident quibusdam enim. Neque ipsam temporibus commodi facere minima.&lt;/p&gt;

&lt;p&gt;Lorem ipsum dolor sit amet, consectetur adipisicing elit. Expedita maiores quisquam id sunt, a architecto molestias velit, distinctio quidem non, nostrum provident quibusdam enim. Neque ipsam temporibus commodi facere minima.&lt;/p&gt;

&lt;p&gt;Lorem ipsum dolor sit amet, consectetur adipisicing elit. Expedita maiores quisquam id sunt, a architecto molestias velit, distinctio quidem non, nostrum provident quibusdam enim. Neque ipsam temporibus commodi facere minima.&lt;/p&gt;

&lt;p&gt;Lorem ipsum dolor sit amet, consectetur adipisicing elit. Expedita maiores quisquam id sunt, a architecto molestias velit, distinctio quidem non, nostrum provident quibusdam enim. Neque ipsam temporibus commodi facere minima.&lt;/p&gt;

&lt;p&gt;Lorem ipsum dolor sit amet, consectetur adipisicing elit. Expedita maiores quisquam id sunt, a architecto molestias velit, distinctio quidem non, nostrum provident quibusdam enim. Neque ipsam temporibus commodi facere minima.&lt;/p&gt;

&lt;p&gt;Lorem ipsum dolor sit amet, consectetur adipisicing elit. Expedita maiores quisquam id sunt, a architecto molestias velit, distinctio quidem non, nostrum provident quibusdam enim. Neque ipsam temporibus commodi facere minima.&lt;/p&gt;

&lt;p&gt;Lorem ipsum dolor sit amet, consectetur adipisicing elit. Expedita maiores quisquam id sunt, a architecto molestias velit, distinctio quidem non, nostrum provident quibusdam enim. Neque ipsam temporibus commodi facere minima.&lt;/p&gt;</content><category term="code" /><summary type="html">Lorem ipsum dolor sit amet, consectetur adipisicing elit. Expedita maiores quisquam id sunt, a architecto molestias velit, distinctio quidem non, nostrum provident quibusdam enim. Neque ipsam temporibus commodi facere minima.</summary><media:thumbnail xmlns:media="http://search.yahoo.com/mrss/" url="https://lavkumarv.github.io//images/default.jpg" /></entry></feed>
