{
  

    "blog-2017-01-24-example-post-html": {
      "title": "Sample post to check the functionality",
      "content"	 : "Lorem ipsum dolor sit amet, consectetur adipisicing elit. Expedita maiores quisquam id sunt, a architecto molestias velit, distinctio quidem non, nostrum provident quibusdam enim. Neque ipsam temporibus commodi facere minima.Lorem ipsum dolor sit amet, consectetur adipisicing elit. Expedita maiores quisquam id sunt, a architecto molestias velit, distinctio quidem non, nostrum provident quibusdam enim. Neque ipsam temporibus commodi facere minima.Lorem ipsum dolor sit amet, consectetur adipisicing elit. Expedita maiores quisquam id sunt, a architecto molestias velit, distinctio quidem non, nostrum provident quibusdam enim. Neque ipsam temporibus commodi facere minima.Lorem ipsum dolor sit amet, consectetur adipisicing elit. Expedita maiores quisquam id sunt, a architecto molestias velit, distinctio quidem non, nostrum provident quibusdam enim. Neque ipsam temporibus commodi facere minima.Lorem ipsum dolor sit amet, consectetur adipisicing elit. Expedita maiores quisquam id sunt, a architecto molestias velit, distinctio quidem non, nostrum provident quibusdam enim. Neque ipsam temporibus commodi facere minima.Lorem ipsum dolor sit amet, consectetur adipisicing elit. Expedita maiores quisquam id sunt, a architecto molestias velit, distinctio quidem non, nostrum provident quibusdam enim. Neque ipsam temporibus commodi facere minima.Lorem ipsum dolor sit amet, consectetur adipisicing elit. Expedita maiores quisquam id sunt, a architecto molestias velit, distinctio quidem non, nostrum provident quibusdam enim. Neque ipsam temporibus commodi facere minima.",
      "url": " /blog/2017/01/24/example-post.html",
      "author": "",
      "categories": "blog"
    }
    
  
}
